Movimientos Conformados;;;;;
Fecha consulta:;27/04/2020;;;;
Hora consulta:;13:51;;;;
Usuario:;EDUARDO ALEJANDRO QUATTROCCHI;;;;
;;;;;
Par?metros de b?squeda:;Cuenta: 03 - CC $ 00460008727626 | Fecha desde 01/04/2020 hasta 27/04/2020 | Movimiento: D?bitos y Cr?ditos | Monto: Todos los montos;;;;
;;;;;
Fecha Mvto;Fecha Valor;Monto;Referencia;Concepto;Saldo
01/04/2020;01/04/2020;-80,00;0000000097388;COMIS.ABONO BANCA EMPRESA                         ;
01/04/2020;01/04/2020;-16,80;0000000097388;I.V.A. BASE                                       ;
01/04/2020;01/04/2020;-0,20;0000000097388;GRAVAMEN LEY 25413 S/DEB                          ;
01/04/2020;01/04/2020;-0,04;0000000097388;GRAVAMEN LEY 25413 S/DEB                          ;3.806.838,74
03/04/2020;03/04/2020;372.535,32;0000000001389;TRANS30678196165TERMINAL 4 S.A.                   ;
03/04/2020;03/04/2020;-931,34;0000000001389;GRAVAMEN LEY 25413 S/CRED                         ;4.178.442,72
06/04/2020;06/04/2020;15.317,96;0000004109070;TRANS30570194646SIGVART G J SIMO                  ;
06/04/2020;06/04/2020;11.226,16;0000001105902;TRANS30714272620GRAVAS DEL PARANA S.A.            ;
06/04/2020;06/04/2020;-152.803,81;0000092432412;WB-CX-LEY 25413-SUC 0001                          ;
06/04/2020;06/04/2020;45.000,00;0000004164549;TRANS30708516623DESARROLLO INTEG                  ;
06/04/2020;06/04/2020;3.895,53;0000002462662;TRANS30715326570B2B MARITIME SA                   ;
06/04/2020;06/04/2020;-38,29;0000004109070;GRAVAMEN LEY 25413 S/CRED                         ;
06/04/2020;06/04/2020;-28,07;0000001105902;GRAVAMEN LEY 25413 S/CRED                         ;
06/04/2020;06/04/2020;-382,01;0000092432412;GRAVAMEN LEY 25413 S/DEB                          ;
06/04/2020;06/04/2020;-112,50;0000004164549;GRAVAMEN LEY 25413 S/CRED                         ;
06/04/2020;06/04/2020;-9,74;0000002462662;GRAVAMEN LEY 25413 S/CRED                         ;4.100.507,95
07/04/2020;07/04/2020;13.486,00;0000004186963;TRANS30588346028MELLUSO SA                        ;
07/04/2020;07/04/2020;4.163,72;0000000097411;TR. 20166047391 BEVILACQUA/EDGARDO                ;
07/04/2020;07/04/2020;66.272,87;0000000097413;TR. 30663409391 HIPERBAIRES SRL                   ;
07/04/2020;07/04/2020;22.766,02;0000001110263;TRANS30680516959FAROSHIP SRL                      ;
07/04/2020;07/04/2020;42.011,44;0000000002160;TRANS33679410259AGROFUM SA                        ;
07/04/2020;07/04/2020;-10,41;0000000097416;GRAVAMEN LEY 25413 S/CRED                         ;
07/04/2020;07/04/2020;-165,68;0000000097417;GRAVAMEN LEY 25413 S/CRED                         ;
07/04/2020;07/04/2020;-33,72;0000004186963;GRAVAMEN LEY 25413 S/CRED                         ;
07/04/2020;07/04/2020;-56,92;0000001110263;GRAVAMEN LEY 25413 S/CRED                         ;
07/04/2020;07/04/2020;-105,03;0000000002160;GRAVAMEN LEY 25413 S/CRED                         ;4.248.836,24
08/04/2020;08/04/2020;24.361,54;0000000806370;TRANS30715504126GESTION GLOBAL SA                 ;
08/04/2020;08/04/2020;44.827,59;0000007536686;TRANS30680455801puerto rivadavia srl              ;
08/04/2020;08/04/2020;59.378,92;0000001102758;TRANS30689579864TERMINAL DE SERVICIOS PORTUAR     ;
08/04/2020;08/04/2020;125.380,84;0000002622893;TRANS30708049936HAPAGLLOYD ARGENTINA SRL          ;
08/04/2020;08/04/2020;5.614,88;0000000097425;TR. 30589260860 SPADARI SRL                       ;
08/04/2020;08/04/2020;66.197,02;0000004266197;TRANS30714357340POTHIMAR TECNOLO                  ;
08/04/2020;08/04/2020;24.133,83;0000000662577;CR.TR. VARIOS-V-SUC 0001                          ;
08/04/2020;08/04/2020;58.428,78;0000000097428;TR. 20283028500 LUGO,/LUCAS LAUREANO              ;
08/04/2020;08/04/2020;98.573,29;0000007667119;TRANS30708138750INDEPENDENT SHIP AGENTS SA        ;
08/04/2020;08/04/2020;9.054,70;0000004280543;TRANS30697366411AGENCIA TRIMAR S                  ;
08/04/2020;08/04/2020;19.809,82;0000007681722;TRANS30659863789Servicio Electronico de Pago      ;
08/04/2020;08/04/2020;15.187,35;0000033424135;TRANS30710931891BONMAR SRL                        ;
08/04/2020;08/04/2020;-14,04;0000000097434;GRAVAMEN LEY 25413 S/CRED                         ;
08/04/2020;08/04/2020;-146,07;0000000097435;GRAVAMEN LEY 25413 S/CRED                         ;
08/04/2020;08/04/2020;-60,90;0000000806370;GRAVAMEN LEY 25413 S/CRED                         ;
08/04/2020;08/04/2020;-112,07;0000007536686;GRAVAMEN LEY 25413 S/CRED                         ;
08/04/2020;08/04/2020;-148,45;0000001102758;GRAVAMEN LEY 25413 S/CRED                         ;
08/04/2020;08/04/2020;-313,45;0000002622893;GRAVAMEN LEY 25413 S/CRED                         ;
08/04/2020;08/04/2020;-165,49;0000004266197;GRAVAMEN LEY 25413 S/CRED                         ;
08/04/2020;08/04/2020;-60,33;0000000662577;GRAVAMEN LEY 25413 S/CRED                         ;
08/04/2020;08/04/2020;-246,43;0000007667119;GRAVAMEN LEY 25413 S/CRED                         ;
08/04/2020;08/04/2020;-22,64;0000004280543;GRAVAMEN LEY 25413 S/CRED                         ;
08/04/2020;08/04/2020;-49,52;0000007681722;GRAVAMEN LEY 25413 S/CRED                         ;4.798.445,41
13/04/2020;13/04/2020;300.000,00;0000000097446;TR. 20272571792 ROMERO/JUAN MANUEL                ;
13/04/2020;13/04/2020;48.122,17;0000002621066;TRANS30683069171COSCO SHIPPING LINES ARGENTIN     ;
13/04/2020;13/04/2020;23.961,49;0000001000814;TRANS30709303593MISSIONLINE LOGISTICS SA/ MIS     ;
13/04/2020;13/04/2020;30.124,50;0000002452670;TRANS30661491163DEFIBA SERVICIOS A CONTENEDOR     ;
13/04/2020;13/04/2020;50.223,45;0000000683116;CR.TR. VARIOS-V-SUC 0001                          ;
13/04/2020;13/04/2020;13.415,01;0000004048756;TRANS30709139785LA BARQUITA SRL                   ;
13/04/2020;13/04/2020;79.629,50;0000007801026;TRANS30715815180OCEAN NETWORK EXPRESS ARGENTI     ;
13/04/2020;13/04/2020;31.551,86;0000007741753;TRANS30615647345ALPEMAR SRL                       ;
13/04/2020;13/04/2020;39.070,41;0000000693912;CR.TR. CUOTAS-C-SUC 0001                          ;
13/04/2020;13/04/2020;60.562,95;0000000693842;CR.TR. CUOTAS-C-SUC 0001                          ;
13/04/2020;13/04/2020;29.262,17;0000000696648;TRANS30709197904CMA CGM ARGENTINA SA              ;
13/04/2020;13/04/2020;48.015,13;0000001009355;TRANS30709539023MARITIMA MARSA SRL/ MARITIMA      ;
13/04/2020;13/04/2020;133.917,25;0000002476198;TRANS30612732503AGENCIA MARITIMA NABSA SA         ;
13/04/2020;13/04/2020;7.897,75;0000007915399;TRANS30714792942DIAZ   FORTI SA                   ;
13/04/2020;13/04/2020;3.670,92;0000001010419;TRANS30655807167LANCHAS DEL ESTE SA/ LANCHAS      ;
13/04/2020;13/04/2020;3.900,96;0000001010423;TRANS30655807167LANCHAS DEL ESTE SA/ LANCHAS      ;
13/04/2020;13/04/2020;341.966,59;0000007921317;TRANS30585343427ULTRAMAR ARGENTINA S.A.           ;
13/04/2020;13/04/2020;124.806,75;0000020041301;MP CREDITO AUTOMATICO MEP                         ;
13/04/2020;13/04/2020;13.909,37;0000000002268;TRANS30642757586BRISAMAR S A                      ;
13/04/2020;13/04/2020;464.360,29;0000000003953;TRANS30688938208HAMBURG SUD SUCU                  ;
13/04/2020;13/04/2020;17.333,43;0000000006448;TRANS30697371636AG MARITIMA SEA                   ;
13/04/2020;13/04/2020;-2.212,92;0000000068823;D.DIR.ADT SERVICES                                ;
13/04/2020;13/04/2020;-750,00;0000000097474;GRAVAMEN LEY 25413 S/CRED                         ;
13/04/2020;13/04/2020;-120,31;0000002621066;GRAVAMEN LEY 25413 S/CRED                         ;
13/04/2020;13/04/2020;-59,90;0000001000814;GRAVAMEN LEY 25413 S/CRED                         ;
13/04/2020;13/04/2020;-75,31;0000002452670;GRAVAMEN LEY 25413 S/CRED                         ;
13/04/2020;13/04/2020;-125,56;0000000683116;GRAVAMEN LEY 25413 S/CRED                         ;
13/04/2020;13/04/2020;-33,54;0000004048756;GRAVAMEN LEY 25413 S/CRED                         ;
13/04/2020;13/04/2020;-199,07;0000007801026;GRAVAMEN LEY 25413 S/CRED                         ;
13/04/2020;13/04/2020;-78,88;0000007741753;GRAVAMEN LEY 25413 S/CRED                         ;
13/04/2020;13/04/2020;-97,68;0000000693912;GRAVAMEN LEY 25413 S/CRED                         ;
13/04/2020;13/04/2020;-151,41;0000000693842;GRAVAMEN LEY 25413 S/CRED                         ;
13/04/2020;13/04/2020;-73,16;0000000696648;GRAVAMEN LEY 25413 S/CRED                         ;
13/04/2020;13/04/2020;-120,04;0000001009355;GRAVAMEN LEY 25413 S/CRED                         ;
13/04/2020;13/04/2020;-334,79;0000002476198;GRAVAMEN LEY 25413 S/CRED                         ;
13/04/2020;13/04/2020;-19,74;0000007915399;GRAVAMEN LEY 25413 S/CRED                         ;
13/04/2020;13/04/2020;-9,18;0000001010419;GRAVAMEN LEY 25413 S/CRED                         ;
13/04/2020;13/04/2020;-9,75;0000001010423;GRAVAMEN LEY 25413 S/CRED                         ;
13/04/2020;13/04/2020;-854,92;0000007921317;GRAVAMEN LEY 25413 S/CRED                         ;
13/04/2020;13/04/2020;-312,02;0000020041301;GRAVAMEN LEY 25413 S/CRED                         ;
13/04/2020;13/04/2020;-34,77;0000000002268;GRAVAMEN LEY 25413 S/CRED                         ;
13/04/2020;13/04/2020;-1.160,90;0000000003953;GRAVAMEN LEY 25413 S/CRED                         ;
13/04/2020;13/04/2020;-43,33;0000000006448;GRAVAMEN LEY 25413 S/CRED                         ;
13/04/2020;13/04/2020;-5,53;0000000068823;GRAVAMEN LEY 25413 S/DEB                          ;6.657.264,65
14/04/2020;14/04/2020;56.127,47;0000004101370;TRANS30708620579PROBYP S.A.                       ;
14/04/2020;14/04/2020;122.560,51;0000001001564;TRANS30693184947MEDITERRANEAN SHIPPING COMPAN     ;
14/04/2020;14/04/2020;81.706,96;0000001001615;TRANS30693184947MEDITERRANEAN SHIPPING COMPAN     ;
14/04/2020;14/04/2020;14.756,04;0000000207821;TRANS33677974759AGENCIA MARITIMA MAREAS SA        ;
14/04/2020;14/04/2020;88.686,36;0000002491497;TRANS30590162279MARITIMA HEINLEIN SA              ;
14/04/2020;14/04/2020;133.029,54;0000002491752;TRANS30590162279MARITIMA HEINLEIN SA              ;
14/04/2020;14/04/2020;8.986,17;0000004085042;TRANS30506724992CENTRO DE NAVEGA                  ;
14/04/2020;14/04/2020;451.320,82;0000000609301;CR.TR. VARIOS-V-SUC 0001                          ;
14/04/2020;14/04/2020;12.134,64;0000000609421;CR.TR. VARIOS-V-SUC 0001                          ;
14/04/2020;14/04/2020;16.473,27;0000004118396;TRANS30571859927ANTONIO MARIA DE                  ;
14/04/2020;14/04/2020;21.383,22;0000001110125;TRANS30657245700COMPANIA NAVIERA HORAMAR SA       ;
14/04/2020;14/04/2020;25.230,20;0000001005711;TRANS30709513490ANTARES SERVICIOS MARITIMOS S     ;
14/04/2020;14/04/2020;149.034,39;0000000097508;DEP.P/T.INT.M.M-BANE                              ;
14/04/2020;14/04/2020;-140,32;0000004101370;GRAVAMEN LEY 25413 S/CRED                         ;
14/04/2020;14/04/2020;-306,40;0000001001564;GRAVAMEN LEY 25413 S/CRED                         ;
14/04/2020;14/04/2020;-204,27;0000001001615;GRAVAMEN LEY 25413 S/CRED                         ;
14/04/2020;14/04/2020;-36,89;0000000207821;GRAVAMEN LEY 25413 S/CRED                         ;
14/04/2020;14/04/2020;-221,72;0000002491497;GRAVAMEN LEY 25413 S/CRED                         ;
14/04/2020;14/04/2020;-332,57;0000002491752;GRAVAMEN LEY 25413 S/CRED                         ;
14/04/2020;14/04/2020;-22,47;0000004085042;GRAVAMEN LEY 25413 S/CRED                         ;
14/04/2020;14/04/2020;-1.128,30;0000000609301;GRAVAMEN LEY 25413 S/CRED                         ;
14/04/2020;14/04/2020;-30,34;0000000609421;GRAVAMEN LEY 25413 S/CRED                         ;
14/04/2020;14/04/2020;-41,18;0000004118396;GRAVAMEN LEY 25413 S/CRED                         ;
14/04/2020;14/04/2020;-53,46;0000001110125;GRAVAMEN LEY 25413 S/CRED                         ;
14/04/2020;14/04/2020;-63,08;0000001005711;GRAVAMEN LEY 25413 S/CRED                         ;7.836.113,24
15/04/2020;15/04/2020;1.433,75;0000000200947;CR.TR. CUOTAS-C-SUC 0001                          ;
15/04/2020;15/04/2020;102.982,20;0000004145551;TRANS33707366589FEDERACION PATRO                  ;
15/04/2020;15/04/2020;45.467,82;0000004150993;TRANS30682686606FLOWBOX SA                        ;
15/04/2020;15/04/2020;2.048,19;0000000097524;TR. 30612519486 RADA SUR SRL                      ;
15/04/2020;15/04/2020;2.803,44;0000008083105;TRANS33714363129HIDROVIAS DEL SUR S.A.            ;
15/04/2020;15/04/2020;6.781,91;0000000620730;CR.TR. VARIOS-V-SUC 0001                          ;
15/04/2020;15/04/2020;3.504,82;0000000097527;TR. 30715047884 CORRALON AZUL S.R.L.              ;
15/04/2020;15/04/2020;5.705,47;0000008119809;TRANS33636152949NAVIERA DEL SUR SA                ;
15/04/2020;15/04/2020;123.422,64;0000004138616;TRANS30709247235MARITIME SHIPPIN                  ;
15/04/2020;15/04/2020;12.802,21;0000008121183;TRANS30507059488RUA SA                            ;
15/04/2020;15/04/2020;17.509,89;0000002426517;TRANS30708624639ARBUE SERVICES SA                 ;
15/04/2020;15/04/2020;20.446,95;0000002426465;TRANS30708624639ARBUE SERVICES SA                 ;
15/04/2020;15/04/2020;12.511,61;0000000214023;TRANS30680789955MULTIMAR SA                       ;
15/04/2020;15/04/2020;25.281,41;0000001107290;TRANS33578648599CONSULTORES MARITIMOS SRL         ;
15/04/2020;15/04/2020;2.866,63;0000004169087;TRANS30660785538RIO TUR SRL                       ;
15/04/2020;15/04/2020;23.850,68;0000002434311;TRANS30708326573DEL GUAZU SA                      ;
15/04/2020;15/04/2020;53.292,17;0000008192945;TRANS30507950848MOLINO CA UELAS SACIFIA           ;
15/04/2020;15/04/2020;73.752,97;0000000097538;DEP.P/T.INT.M.M-LINK                              ;
15/04/2020;15/04/2020;3.043,20;0000000097539;DEP.P/T.INT.M.M-LINK                              ;
15/04/2020;15/04/2020;24.209,93;0000002620735;TRANS30707789715STAR SHIPPING ARGENTINA SA        ;
15/04/2020;15/04/2020;7.519,27;0000000223435;CR.TR. VARIOS-V-SUC 0001                          ;
15/04/2020;15/04/2020;40.389,12;0000000000688;TRANS30715751093NORDVILLE SRL                     ;
15/04/2020;15/04/2020;-372,59;0000000097545;GRAVAMEN LEY 25413 S/CRED                         ;
15/04/2020;15/04/2020;-5,12;0000000097546;GRAVAMEN LEY 25413 S/CRED                         ;
15/04/2020;15/04/2020;-8,76;0000000097547;GRAVAMEN LEY 25413 S/CRED                         ;
15/04/2020;15/04/2020;-3,58;0000000200947;GRAVAMEN LEY 25413 S/CRED                         ;
15/04/2020;15/04/2020;-257,46;0000004145551;GRAVAMEN LEY 25413 S/CRED                         ;
15/04/2020;15/04/2020;-113,67;0000004150993;GRAVAMEN LEY 25413 S/CRED                         ;
15/04/2020;15/04/2020;-7,01;0000008083105;GRAVAMEN LEY 25413 S/CRED                         ;
15/04/2020;15/04/2020;-16,95;0000000620730;GRAVAMEN LEY 25413 S/CRED                         ;
15/04/2020;15/04/2020;-14,26;0000008119809;GRAVAMEN LEY 25413 S/CRED                         ;
15/04/2020;15/04/2020;-308,56;0000004138616;GRAVAMEN LEY 25413 S/CRED                         ;
15/04/2020;15/04/2020;-32,01;0000008121183;GRAVAMEN LEY 25413 S/CRED                         ;
15/04/2020;15/04/2020;-43,77;0000002426517;GRAVAMEN LEY 25413 S/CRED                         ;
15/04/2020;15/04/2020;-51,12;0000002426465;GRAVAMEN LEY 25413 S/CRED                         ;
15/04/2020;15/04/2020;-31,28;0000000214023;GRAVAMEN LEY 25413 S/CRED                         ;
15/04/2020;15/04/2020;-63,20;0000001107290;GRAVAMEN LEY 25413 S/CRED                         ;
15/04/2020;15/04/2020;-7,17;0000004169087;GRAVAMEN LEY 25413 S/CRED                         ;
15/04/2020;15/04/2020;-59,63;0000002434311;GRAVAMEN LEY 25413 S/CRED                         ;
15/04/2020;15/04/2020;-133,23;0000008192945;GRAVAMEN LEY 25413 S/CRED                         ;
15/04/2020;15/04/2020;-60,52;0000002620735;GRAVAMEN LEY 25413 S/CRED                         ;
15/04/2020;15/04/2020;-18,80;0000000223435;GRAVAMEN LEY 25413 S/CRED                         ;
15/04/2020;15/04/2020;-100,97;0000000000688;GRAVAMEN LEY 25413 S/CRED                         ;8.446.029,86
16/04/2020;16/04/2020;31.010,47;0000000643966;CR. TR. FACTURA-SUC 0001                          ;
16/04/2020;16/04/2020;57.355,40;0000008278055;TRANS30680495064BALTZER MARITIMA S. R. L.         ;
16/04/2020;16/04/2020;8.342,28;0000004186605;TRANS30677284958SERVIPRAC SA                      ;
16/04/2020;16/04/2020;10.765,36;0000004181582;TRANS30691552426DOCKA SERVICIOS                   ;
16/04/2020;16/04/2020;53.436,62;0000008288903;TRANS33682452639I.SHIPPING SERVICES ARGENTINA     ;
16/04/2020;16/04/2020;5.845,22;0000002456334;TRANS30716222310DON PARDO E HIJOS SRL             ;
16/04/2020;16/04/2020;2.999,50;0000000213242;CR.TR. VARIOS-V-SUC 0001                          ;
16/04/2020;16/04/2020;7.599,34;0000002462359;TRANS30590578971EXOLGAN S A                       ;
16/04/2020;16/04/2020;499.384,18;0000002463078;TRANS30590578971EXOLGAN S A                       ;
16/04/2020;16/04/2020;27.964,85;0000008338181;TRANS33710487419Logistica y Servicios Maritim     ;
16/04/2020;16/04/2020;9.307,86;0000008339436;TRANS30714422770madero 802 sa                     ;
16/04/2020;16/04/2020;22.718,47;0000008339526;TRANS30709710857Maritima Meridian SA              ;
16/04/2020;16/04/2020;3.937,45;0000008341918;TRANS30610213479STOLT NIELSEN ARGENTINA SA        ;
16/04/2020;16/04/2020;6.541,32;0000008341917;TRANS30610213479STOLT NIELSEN ARGENTINA SA        ;
16/04/2020;16/04/2020;990,97;0000000097580;DEP.P/T.INT.M.M-LINK                              ;
16/04/2020;16/04/2020;17.507,99;0000033728692;TRANS30648986692COSTANERA S.A.                    ;
16/04/2020;16/04/2020;-184,38;0000000097582;GRAVAMEN LEY 25413 S/CRED                         ;
16/04/2020;16/04/2020;-7,61;0000000097583;GRAVAMEN LEY 25413 S/CRED                         ;
16/04/2020;16/04/2020;-77,53;0000000643966;GRAVAMEN LEY 25413 S/CRED                         ;
16/04/2020;16/04/2020;-143,39;0000008278055;GRAVAMEN LEY 25413 S/CRED                         ;
16/04/2020;16/04/2020;-20,86;0000004186605;GRAVAMEN LEY 25413 S/CRED                         ;
16/04/2020;16/04/2020;-26,91;0000004181582;GRAVAMEN LEY 25413 S/CRED                         ;
16/04/2020;16/04/2020;-133,59;0000008288903;GRAVAMEN LEY 25413 S/CRED                         ;
16/04/2020;16/04/2020;-14,61;0000002456334;GRAVAMEN LEY 25413 S/CRED                         ;
16/04/2020;16/04/2020;-7,50;0000000213242;GRAVAMEN LEY 25413 S/CRED                         ;
16/04/2020;16/04/2020;-19,00;0000002462359;GRAVAMEN LEY 25413 S/CRED                         ;
16/04/2020;16/04/2020;-1.248,46;0000002463078;GRAVAMEN LEY 25413 S/CRED                         ;
16/04/2020;16/04/2020;-69,91;0000008338181;GRAVAMEN LEY 25413 S/CRED                         ;
16/04/2020;16/04/2020;-23,27;0000008339436;GRAVAMEN LEY 25413 S/CRED                         ;
16/04/2020;16/04/2020;-56,80;0000008339526;GRAVAMEN LEY 25413 S/CRED                         ;
16/04/2020;16/04/2020;-9,84;0000008341918;GRAVAMEN LEY 25413 S/CRED                         ;
16/04/2020;16/04/2020;-16,35;0000008341917;GRAVAMEN LEY 25413 S/CRED                         ;9.209.677,13
17/04/2020;17/04/2020;100.000,00;0000000097598;TR. 20272571792 ROMERO/JUAN MANUEL                ;
17/04/2020;17/04/2020;16.227,70;0000002479489;TRANS30716313146B M AGENCIA MAR TIMA SAS          ;
17/04/2020;17/04/2020;62.166,66;0000008420680;TRANS30506999355Naviera Lojda Hnos. SANCIFIyM     ;
17/04/2020;17/04/2020;3.710,45;0000000667345;CR.TR. VARIOS-V-SUC 0001                          ;
17/04/2020;17/04/2020;8.905,62;0000004235886;TRANS30711500126AGUIRIO MARITIMA                  ;
17/04/2020;17/04/2020;23.378,24;0000000211781;CR.TR. VARIOS-V-SUC 0001                          ;
17/04/2020;17/04/2020;4.325,96;0000000212749;CR.TR. VARIOS-V-SUC 0001                          ;
17/04/2020;17/04/2020;19.654,89;0000002487424;TRANS30680578156DELTA DOCK SA                     ;
17/04/2020;17/04/2020;20.000,00;0000000097608;DEP.P/T.INT.M.M-LINK                              ;
17/04/2020;17/04/2020;-2,48;0000000097610;GRAVAMEN LEY 25413 S/CRED                         ;
17/04/2020;17/04/2020;-250,00;0000000097611;GRAVAMEN LEY 25413 S/CRED                         ;
17/04/2020;17/04/2020;-40,57;0000002479489;GRAVAMEN LEY 25413 S/CRED                         ;
17/04/2020;17/04/2020;-155,42;0000008420680;GRAVAMEN LEY 25413 S/CRED                         ;
17/04/2020;17/04/2020;-9,28;0000000667345;GRAVAMEN LEY 25413 S/CRED                         ;
17/04/2020;17/04/2020;-22,26;0000004235886;GRAVAMEN LEY 25413 S/CRED                         ;
17/04/2020;17/04/2020;-58,45;0000000211781;GRAVAMEN LEY 25413 S/CRED                         ;
17/04/2020;17/04/2020;-10,81;0000000212749;GRAVAMEN LEY 25413 S/CRED                         ;
17/04/2020;17/04/2020;-49,14;0000002487424;GRAVAMEN LEY 25413 S/CRED                         ;9.467.448,24
20/04/2020;20/04/2020;5.279,06;0000000693392;CR.TR. CUOTAS-C-SUC 0001                          ;
20/04/2020;20/04/2020;45.661,99;0000004033329;TRANS30714357340POTHIMAR TECNOLO                  ;
20/04/2020;20/04/2020;209.364,75;0000000097622;TR. 30708968621 G P MARITIME SERVICES             ;
20/04/2020;20/04/2020;9.647,56;0000002432175;TRANS33711590329TC 2 SA                           ;
20/04/2020;20/04/2020;7.959,63;0000002432676;TRANS30715600664HIPOUTE SA                        ;
20/04/2020;20/04/2020;24.589,66;0000000005371;TRANS30613198918AG MARITIMA MART                  ;
20/04/2020;20/04/2020;38.612,81;0000000005372;TRANS30613198918AG MARITIMA MART                  ;
20/04/2020;20/04/2020;6.204,36;0000000005374;TRANS30715094823MARTIN SHIPPING                   ;
20/04/2020;20/04/2020;8.272,48;0000000005375;TRANS30715094823MARTIN SHIPPING                   ;
20/04/2020;20/04/2020;-523,41;0000000097632;GRAVAMEN LEY 25413 S/CRED                         ;
20/04/2020;20/04/2020;-50,00;0000000097633;GRAVAMEN LEY 25413 S/CRED                         ;
20/04/2020;20/04/2020;-13,20;0000000693392;GRAVAMEN LEY 25413 S/CRED                         ;
20/04/2020;20/04/2020;-114,15;0000004033329;GRAVAMEN LEY 25413 S/CRED                         ;
20/04/2020;20/04/2020;-24,12;0000002432175;GRAVAMEN LEY 25413 S/CRED                         ;
20/04/2020;20/04/2020;-19,90;0000002432676;GRAVAMEN LEY 25413 S/CRED                         ;
20/04/2020;20/04/2020;-61,47;0000000005371;GRAVAMEN LEY 25413 S/CRED                         ;
20/04/2020;20/04/2020;-96,53;0000000005372;GRAVAMEN LEY 25413 S/CRED                         ;
20/04/2020;20/04/2020;-15,51;0000000005374;GRAVAMEN LEY 25413 S/CRED                         ;
20/04/2020;20/04/2020;-20,68;0000000005375;GRAVAMEN LEY 25413 S/CRED                         ;9.822.101,57
21/04/2020;21/04/2020;433,38;0000001001504;TRANS30580722772SUPLE SERVICIO EMPRESARIO SA/     ;
21/04/2020;21/04/2020;34.717,01;0000000971862;TRANS30625257251SANTA ROSA ARENAS S R L           ;
21/04/2020;21/04/2020;76.284,85;0000008796785;TRANS30680495064BALTZER MARITIMA S. R. L.         ;
21/04/2020;21/04/2020;73.668,68;0000008800630;TRANS30710279957PLUS ULTRA AMARRES                ;
21/04/2020;21/04/2020;81.253,89;0000001004117;TRANS30693456580OPMAR S.A./ OPMAR                 ;
21/04/2020;21/04/2020;-1,08;0000001001504;GRAVAMEN LEY 25413 S/CRED                         ;
21/04/2020;21/04/2020;-86,79;0000000971862;GRAVAMEN LEY 25413 S/CRED                         ;
21/04/2020;21/04/2020;-190,71;0000008796785;GRAVAMEN LEY 25413 S/CRED                         ;
21/04/2020;21/04/2020;-184,17;0000008800630;GRAVAMEN LEY 25413 S/CRED                         ;
21/04/2020;21/04/2020;-203,13;0000001004117;GRAVAMEN LEY 25413 S/CRED                         ;10.087.793,50
22/04/2020;22/04/2020;11.481,50;0000008898104;TRANS30647178908UNITED SEAS SRL                   ;
22/04/2020;22/04/2020;12.184,96;0000000208681;CR.TR. CUOTAS-C-SUC 0001                          ;
22/04/2020;22/04/2020;43.002,75;0000001002345;TRANS30506738128AG.MARITIMA WALSH (E.BURTON)      ;
22/04/2020;22/04/2020;270.555,18;0000004130989;TRANS30688254090PROVINCIA ART SA                  ;
22/04/2020;22/04/2020;13.018,22;0000008977383;TRANS30659863789Servicio Electronico de Pago      ;
22/04/2020;22/04/2020;48.527,83;0000000002039;TRANS30657393610MERCOCARGA SA                     ;
22/04/2020;22/04/2020;-28,70;0000008898104;GRAVAMEN LEY 25413 S/CRED                         ;
22/04/2020;22/04/2020;-30,46;0000000208681;GRAVAMEN LEY 25413 S/CRED                         ;
22/04/2020;22/04/2020;-107,51;0000001002345;GRAVAMEN LEY 25413 S/CRED                         ;
22/04/2020;22/04/2020;-676,39;0000004130989;GRAVAMEN LEY 25413 S/CRED                         ;
22/04/2020;22/04/2020;-32,55;0000008977383;GRAVAMEN LEY 25413 S/CRED                         ;
22/04/2020;22/04/2020;-121,32;0000000002039;GRAVAMEN LEY 25413 S/CRED                         ;10.485.567,01
23/04/2020;23/04/2020;15.554,53;0000000097672;TR. 30641739916 CHRISTOPHERSEN S.A.               ;
23/04/2020;23/04/2020;1.335.943,00;0000004189680;TRANS30666356825MARITIMA QUEUQUE                  ;
23/04/2020;23/04/2020;-38,89;0000000097675;GRAVAMEN LEY 25413 S/CRED                         ;
23/04/2020;23/04/2020;-3.339,86;0000004189680;GRAVAMEN LEY 25413 S/CRED                         ;11.833.685,79
24/04/2020;24/04/2020;72.574,31;0000000665173;CR.TR. CUOTAS-C-SUC 0001                          ;
24/04/2020;24/04/2020;4.515,10;0000001106507;TRANS30712212108AGENCIA MARITIMA DESEADO SRL      ;
24/04/2020;24/04/2020;4.165,18;0000001106579;TRANS30712212108AGENCIA MARITIMA DESEADO SRL      ;
24/04/2020;24/04/2020;3.166,33;0000002424964;TRANS30679086711SEA RUNNER SRL                    ;
24/04/2020;24/04/2020;47.959,85;0000000671197;CR.TR. CUOTAS-C-SUC 0001                          ;
24/04/2020;24/04/2020;57.629,93;0000002434118;TRANS30545448595GUARDERIA NAUTICA SARTHOU SOC     ;
24/04/2020;24/04/2020;-181,44;0000000665173;GRAVAMEN LEY 25413 S/CRED                         ;
24/04/2020;24/04/2020;-11,29;0000001106507;GRAVAMEN LEY 25413 S/CRED                         ;
24/04/2020;24/04/2020;-10,41;0000001106579;GRAVAMEN LEY 25413 S/CRED                         ;
24/04/2020;24/04/2020;-7,92;0000002424964;GRAVAMEN LEY 25413 S/CRED                         ;
24/04/2020;24/04/2020;-119,90;0000000671197;GRAVAMEN LEY 25413 S/CRED                         ;
24/04/2020;24/04/2020;-144,07;0000002434118;GRAVAMEN LEY 25413 S/CRED                         ;12.023.221,46
